{
  "id": "",
  "name": "",
  "font_family": "iconfont",
  "css_prefix_text": "icon-",
  "description": "",
  "glyphs": [
    {
      "icon_id": "3398048",
      "name": "微信",
      "font_class": "weixin",
      "unicode": "e63e",
      "unicode_decimal": 58942
    },
    {
      "icon_id": "6828828",
      "name": "锁子",
      "font_class": "suozi",
      "unicode": "e891",
      "unicode_decimal": 59537
    },
    {
      "icon_id": "8128315",
      "name": "用户",
      "font_class": "user",
      "unicode": "e557",
      "unicode_decimal": 58711
    },
    {
      "icon_id": "9419374",
      "name": "购物车",
      "font_class": "gouwuche",
      "unicode": "e509",
      "unicode_decimal": 58633
    }
  ]
}
